tunik,2973
gb,1791
wanita,1470
mascara,1429
murah,895
garansi,760
baju,756
resmi,726
atas,655
waterproof,609
cod,569
ram,504
maskara,464
baru,460
muslim,455
jumbo,417
laris,417
promo,395
original,392
fashion,391
hp,340
matte,321
up,315
make,313
black,308
panjang,306
batik,305
in,299
maybelline,283
long,274
makeup,269
g,267
mata,263
rom,261
mp,248
d,248
a,243
warna,242
pcs,241
camera,236
best,232
lip,224
seller,222
bulu,218
bioaqua,218
hitam,213
alis,208
samsung,202
new,200
vivo,200
dual,197
xiaomi,194
lash,193
gratis,193
cream,190
s,189
xl,187
fiber,187
tahan,185
tempat,185
eyeliner,184
realme,184
pakai,183
hijab,183
pro,183
kosmetik,182
set,180
lipstik,178
redmi,175
volume,174
model,173
free,172
bayar,170
air,170
jeans,167
l,167
lengan,166
mah,166
silk,165
c,164
bahan,163
kini,163
smartphone,152
xxl,150
oppo,148
polos,147
lipstick,147
dress,145
pensil,145
bedak,143
import,141
eyelash,139
muslimah,137
powder,137
blouse,136
the,136
motif,136
galaxy,135
sim,134
tahun,134
paket,133
fit,133
kemeja,130
inch,130
eyeshadow,130
ongkir,129
kaos,129
nokia,128
foundation,127
express,126
ml,126
premium,125
size,121
tebal,119
celana,118
m,116
beauty,116
eyebrow,115
magnum,113
color,112
implora,112
lama,111
note,110
y,109
to,109
o,108
battery,107
eye,106
big,103
ld,102
cm,102
babyterry,99
super,97
modern,97
bpom,96
tunic,96
iphone,95
jilbab,94
lte,92
brush,91
salur,91
snapdragon,91
gamis,91
ori,90
anti,90
madame,88
kuas,86
concealer,85
gie,84
wardah,84
blush,83
i,83
volum,83
plus,83
cantik,81
liquid,81
face,80
gold,80
focallure,79
quality,79
quad,78
apple,78
tas,77
busui,76
paling,76
ai,76
shop,76
icherry,75
kotak,75
kaftan,74
top,74
evercoss,72
cewek,72
lasting,70
indonesia,70
kantor,70
kebaya,68
layar,68
kerudung,68
cicil,68
on,67
trendi,67
as,66
mini,66
palette,65
handphone,64
pouch,63
plisket,63
strawberry,63
barbie,63
two,63
bb,62
cari,62
x,62
natural,62
dimensi,62
lipcream,60
advan,60
gr,59
b,59
bordir,58
grosir,57
kartu,57
android,57
alat,56
by,56
trendy,56
curl,56
putih,55
besar,55
empat,55
wajah,55
lentik,54
cosmetic,54
katun,54
segi,53
v,53
nail,53
tam,53
full,53
blus,52
isi,51
mito,51
pencil,51
monalisa,50
screen,50
my,50
radio,50
cair,50
kantong,50
kuku,50
ready,49
cushion,49
extension,49
all,49
la,49
travel,48
serum,47
lengkap,47
ultra,47
serut,46
t,46
kredit,46
kualitas,46
curling,46
lashes,45
lameila,45
kamera,45
phone,45
collection,44
tint,44
bonus,44
hoki,43
seragam,43
casual,43
harga,42
ukur,42
me,42
k,42
hypercurl,42
asus,42
fm,41
p,41
dompet,41
korea,41
flip,41
style,40
blue,40
lengthening,40
viva,40
moscrepe,40
store,40
with,40
fa,40
kerja,39
bag,39
real,39
mesh,39
qualcomm,39
silver,39
random,39
thick,39
pink,39
n,39
bnib,38
and,38
kutek,38
gel,38
xxxl,37
e,37
kit,37
item,37
no,37
modis,36
internal,36
busana,36
dewasa,36
red,36
triple,35
tangan,35
display,35
mi,35
kanan,35
glass,35
kiri,35
sale,35
square,35
white,34
core,34
aie,34
kuning,34
f,34
double,33
soft,33
sace,33
revlon,33
setel,33
velvet,33
baterai,32
fingerprint,32
accessories,32
pesta,32
pc,32
zenfone,32
asli,32
simple,32
max,32
ink,32
syar,31
padat,31
pashmina,31
compact,31
coklat,31
brandcode,31
st,31
brown,31
urban,31
colors,31
samping,31
stick,30
over,30
zacksho,30
pixy,30
sein,30
moreskin,30
highlighter,30
tabur,30
tali,30
good,30
ce,30
professional,30
bra,30
box,30
huawei,29
infinix,29
remaja,29
rajut,29
shadow,29
powerbank,29
cover,29
brow,29
high,29
id,29
bunga,29
nasa,29
tempered,29
cetak,28
bella,28
saku,28
rose,28
girl,28
hyper,28
tumbuh,28
matt,28
skin,28
pendek,27
case,27
jadul,27
lady,27
polish,27
bh,27
pasmina,27
rias,27
pb,26
dolina,26
grey,26
power,26
halus,26
hoodie,26
u,26
sikat,26
esenses,26
series,26
instan,26
exclusive,26
pilih,26
yc,25
paris,25
nude,25
star,25
pinggang,25
hot,25
card,25
flash,25
naked,25
light,25
global,25
mm,25
j,25
kawat,25
extra,25
jaket,25
supplier,25
diamond,25
satu,24
liquide,24
lem,24
fast,24
wolfis,24
brukat,24
refill,24
stay,24
candybar,24
voucher,24
water,24
palsu,23
shirt,23
inchi,23
way,23
octa,23
intense,23
h,23
emina,23
unik,23
masker,23
anak,23
perfect,23
aqua,23
liptint,22
cake,22
dnm,22
organizer,22
z,22
kredivo,22
coffee,22
alami,22
bukan,22
keren,22
gift,22
basic,22
blender,22
loose,22
merah,22
ads,22
xs,22
one,22
tabung,22
charging,22
belakang,22
cat,22
kitty,22
etude,22
love,22
official,22
shofiya,21
lite,21
eyes,21
adem,21
maxi,21
kombinasi,21
depan,21
unlock,21
busa,21
sabyan,21
spons,21
jepit,21
magnifique,21
hio,20
darling,20
ddk,20
tube,20
sponge,20
maybeline,20
bagus,20
kalong,20
you,20
glitter,20
gloss,20
crinkle,20
se,20
labelledesign,20
distributor,20
finish,20
produk,20
bibir,20
karet,20
reli,20
formal,20
capella,20
biru,19
maxtron,19
selfie,19
dhc,19
edition,19
speaker,19
stock,19
special,19
belt,19
lewat,19
blackberry,19
single,19
acc,19
marcks,19
gudang,19
ls,19
pallete,19
perempuan,19
bigsize,19
xtream,19
volumizing,19
yugana,19
prosesor,19
ratu,18
piyama,18
pjg,18
glamour,18
baik,18
pda,18
lipat,18
overall,18
queen,18
hammer,18
prime,18
magic,18
deep,18
hello,18
drawing,18
silicone,18
hd,18
go,18
purbasari,18
gram,18
mantap,17
stok,17
off,17
rona,17
silkygirl,17
colours,17
for,17
mutiara,17
rear,17
lidya,17
picture,17
krim,17
brasov,17
base,17
belah,17
rok,17
huda,17
mama,17
pen,17
gaming,17
halal,17
mix,17
blusher,17
glow,17
gt,17
spf,17
primer,17
baby,17
kiss,17
kancing,17
secret,16
shine,16
jam,16
kg,16
xt,16
live,16
push,16
miss,16
contour,16
colour,16
lightening,16
pocket,16
beli,16
weitech,16
carina,16
clinique,16
outer,16
little,16
segiempat,16
hemat,16
ghz,16
skinny,16
fullset,16
oil,16
wink,16
daster,15
recipe,15
mega,15
pipi,15
coating,15
tee,15
house,15
arab,15
eyexpert,15
lebih,15
raglan,15
jbs,15
tulipe,15
wet,15
coffe,15
pants,15
wonder,15
classic,15
denim,15
york,15
stelan,15
items,15
whitening,15
liner,15
kode,15
mood,15
salsa,15
wild,15
zeera,15
vitamin,15
sensational,15
balm,15
pake,15
pj,14
spon,14
mode,14
duo,14
shimmer,14
lembut,14
senter,14
mn,14
missha,14
fals,14
honor,14
peel,14
ql,14
cc,14
mb,14
satin,14
rempel,14
rawis,14
mei,14
opener,14
masakini,14
kutex,14
demolive,14
ecer,14
w,14
tren,13
korean,13
superstay,13
lebaran,13
tonic,13
abstrak,13
smart,13
proof,13
flawless,13
cheek,13
rorec,13
reno,13
multi,13
ks,13
ootd,13
renda,13
touch,13
sfs,13
fake,13
flower,13
diskon,13
cosmetics,13
ii,13
wide,13
dt,13
myco,13
spandex,13
mobile,13
spidol,13
eyelashes,13
boss,13
r,13
tidur,13
muat,13
uniklo,13
trend,13
jual,12
legging,12
lips,12
aloe,12
menow,12
bsic,12
pressed,12
extreme,12
polka,12
kecil,12
ana,12
ct,12
ganda,12
palet,12
celebs,12
pinguin,12
tutup,12
wear,12
serat,12
pelembab,12
nails,12
standby,12
fashionable,12
tipis,12
silky,12
brokat,12
images,12
view,12
chic,12
putar,12
davis,12
xx,12
vera,12
cute,12
beige,12
candy,12
setting,12
kasual,12
mickey,12
instant,11
cup,11
venesa,11
lens,11
sunrise,11
hape,11
bluetooth,11
viane,11
getar,11
cotton,11
ines,11
doll,11
dark,11
lenovo,11
vampire,11
naura,11
twistcone,11
zakl,11
pop,11
kylie,11
longlasting,11
realpic,11
hariesta,11
daily,11
length,11
bandung,11
spray,11
colossal,11
puff,11
true,11
curler,11
art,11
elegant,11
head,11
very,11
buat,11
toko,11
winner,10
cam,10
populer,10
giselle,10
motorola,10
street,10
cerah,10
melar,10
lg,10
mudah,10
moko,10
baggy,10
yellow,10
innisfree,10
expres,10
sweater,10
khimar,10
monopoly,10
corak,10
khusus,10
cuci,10
caramel,10
manset,10
bantu,10
uv,10
lipgloss,10
hm,10
or,10
ponds,10
waterdrop,10
formula,10
waterproff,10
play,10
dinas,10
sutera,10
uni,10
poreless,10
tarik,10
tinggi,10
ramise,10
gorgeous,10
fellyncia,10
apieu,10
grafting,10
dinda,10
smooth,10
engine,10
newyork,10
total,10
henna,10
be,10
owl,10
temulawak,9
opsional,9
sisir,9
mineral,9
masa,9
creamy,9
fajrina,9
inci,9
exynos,9
alas,9
massive,9
bawah,9
honey,9
wedding,9
sophie,9
lauder,9
zbkl,9
day,9
spandek,9
jumpsuit,9
batt,9
now,9
ekstensi,9
lusin,9
laser,9
mask,9
bersih,9
creme,9
amira,9
drama,9
kering,9
surabaya,9
rinjani,9
duffy,9
terry,9
estee,9
bulumata,9
stripe,9
sexy,9
sf,9
sm,9
bear,9
santai,9
hannania,9
oscar,9
jaring,9
tops,9
green,9
ponsel,9
powerstay,9
ring,9
wireless,9
herbal,9
serbaguna,9
catur,9
crayon,9
lovely,9
stretch,9
bubuk,9
temptation,9
resespsi,9
bulan,9
peripera,9
pevita,9
sony,9
luna,9
kupu,9
saudia,9
inez,9
kulit,9
meizu,9
keriting,9
plain,9
miranda,9
mac,9
mosscrepe,9
gagang,9
ms,9
bentuk,8
bunny,8
tumblr,8
semi,8
apollo,8
oyafun,8
sabrina,8
th,8
deal,8
kepala,8
rumah,8
control,8
falsies,8
china,8
bronzer,8
realpicture,8
rouge,8
parka,8
music,8
kaleng,8
luntur,8
aiyi,8
bunda,8
erl,8
pure,8
bomb,8
retro,8
benefit,8
scuba,8
htc,8
polytron,8
wearing,8
tattoo,8
flanel,8
volumizer,8
nailart,8
sakura,8
mr,8
inet,8
cp,8
stik,8
jakarta,8
sariayu,8
first,8
cepat,8
finger,8
ken,8
fendi,8
coverage,8
line,8
pita,8
tshirt,8
zolaqu,8
print,8
need,8
wisuda,8
highwaist,8
moisturizing,8
catrice,8
pic,8
multifungsi,8
dermacol,8
yanqina,8
kontur,8
batikpanjikhamim,8
medan,8
min,8
glam,8
doraemon,8
potong,8
makassar,8
novo,8
helper,8
tanam,8
microcara,8
lipbalm,8
rak,8
oval,8
mist,8
komplit,8
look,8
tongsis,8
awat,7
varian,7
izany,7
aksesoris,7
kaki,7
dolby,7
djenar,7
time,7
buy,7
led,7
remover,7
mia,7
ultima,7
simplicity,7
uk,7
use,7
singapore,7
drop,7
pack,7
mate,7
vintage,7
lacquer,7
transparan,7
martha,7
organic,7
japan,7
lesa,7
sasimi,7
babytery,7
kp,7
impor,7
hk,7
telur,7
shade,7
button,7
elegan,7
macfee,7
back,7
lancome,7
dres,7
rf,7
jamin,7
nagita,7
etnik,7
bare,7
everyday,7
polkadot,7
sally,7
cut,7
boyfriend,7
mirabella,7
oversize,7
susu,7
please,7
elf,7
ringer,7
wand,7
shannen,7
sweet,7
turbo,7
step,7
xperia,7
basah,7
cgf,7
angel,7
glizzkosmetik,7
delicate,7
hijau,7
midi,7
feature,7
maycreate,7
alibabeh,7
sachet,7
crystal,7
maroon,7
hodie,7
kondangan,7
type,7
daun,7
venus,7
oreal,7
cara,7
peace,7
sablon,7
mediatek,7
tenun,7
vx,7
collagen,7
profesional,7
kirim,7
stabilo,7
youtube,7
bintang,7
non,7
colorfit,7
kulot,7
leher,7
voal,7
xaiver,7
front,7
clothing,7
abu,7
life,7
vooc,7
oblong,7
wiko,7
kuteks,7
mizzu,6
luminous,6
tunix,6
kuupakai,6
union,6
wifi,6
kevin,6
dasar,6
aulia,6
voice,6
boost,6
batam,6
kipas,6
pusat,6
evany,6
miracle,6
capacitive,6
quadcore,6
so,6
sedang,6
anna,6
botol,6
protecting,6
outdoor,6
banget,6
keyla,6
realpict,6
delight,6
eclipt,6
hr,6
okedeal,6
hasil,6
extensions,6
kelopak,6
year,6
paint,6
colorfix,6
automatic,6
hem,6
hq,6
physicians,6
ringan,6
moto,6
exquisite,6
snowshop,6
slide,6
macro,6
hari,6
refurbish,6
adiba,6
pa,6
noir,6
ma,6
onde,6
just,6
gs,6
gsm,6
octacore,6
storage,6
rb,6
active,6
diy,6
sogan,6
bmf,6
ciara,6
night,6
jkt,6
lajanda,6
tools,6
smudge,6
last,6
meow,6
feel,6
temperd,6
daisha,6
ips,6
shape,6
ff,6
celine,6
rh,6
glossy,6
md,6
di,6
igrosir,6
per,6
any,6
fhd,6
aa,6
mandi,6
pretty,6
noda,6
westylisfashion,6
get,6
faced,6
karakter,6
ne,6
sui,6
king,6
pull,6
hias,6
rock,6
heavy,6
jepang,6
covergirl,6
dewdrop,6
dream,6
linda,6
vonda,6
wolfice,6
sarange,6
bening,6
gambar,6
film,6
pict,6
kilau,6
allsize,6
soraya,6
lakme,6
glte,6
kalita,6
sample,6
tunicmurah,6
batang,6
tool,6
fullview,6
salsabila,6
brightening,6
sesuai,6
fbl,6
army,6
misteri,6
aldo,6
variasi,6
cinta,6
hypnose,6
oversized,6
pet,6
jamur,6
habis,6
neck,6
mangkuk,6
glue,6
segel,6
too,6
hours,6
newest,6
nikah,6
lindung,5
ibcccndc,5
alicia,5
zte,5
dynamatte,5
konveksi,5
amazon,5
kcwshop,5
defining,5
photography,5
cuties,5
un,5
sanny,5
lipcrem,5
angle,5
lcd,5
pekat,5
teens,5
simpan,5
stiker,5
mt,5
rayon,5
sx,5
hotwav,5
mad,5
abg,5
adeline,5
effect,5
kindle,5
ldcm,5
hijaber,5
oz,5
sensor,5
mutih,5
otomatis,5
foto,5
ax,5
voluminous,5
normal,5
combed,5
warni,5
contouring,5
eity,5
pertama,5
keystone,5
tania,5
waterprof,5
lm,5
plastik,5
bs,5
than,5
kait,5
furing,5
rambut,5
smile,5
brushes,5
nyx,5
banyak,5
saranghe,5
lashblast,5
onyx,5
silikon,5
resistant,5
artamika,5
lutut,5
party,5
women,5
redstar,5
cukur,5
arisya,5
hilda,5
alodia,5
slupy,5
ch,5
hc,5
vienna,5
perpc,5
coco,5
simpel,5
pedicure,5
cils,5
internet,5
ebook,5
decay,5
kece,5
jet,5
vf,5
netto,5
pp,5
bukanlapak,5
jokowi,5
gucci,5
stylish,5
wash,5
tombol,5
yunita,5
rx,5
moisturizer,5
slim,5
tease,5
layer,5
sg,5
mikayla,5
wafle,5
instaperfect,5
vneck,5
mouse,5
brand,5
gunting,5
justmiss,5
aqila,5
balotely,5
melisa,5
lamuseland,5
hologram,5
wolfices,5
egg,5
eight,5
fair,5
sunny,5
feranda,5
italiano,5
internasional,5
kumplit,5
untuk,5
isna,5
nie,5
cherry,5
hits,5
tambah,5
letty,5
fitri,5
romgb,5
belanja,5
packaging,5
terus,5
deluxebrand,5
distro,5
desire,5
loka,5
aplikasi,5
laz,5
pena,5
lebat,5
yafun,5
california,5
dr,5
better,5
peri,5
version,5
micro,5
gloria,5
nd,5
cokelat,5
minyak,5
mosscrape,5
rosa,5
jc,5
soul,5
saranghae,5
sinyal,5
mousse,5
spesial,5
terupdate,5
frendly,5
tape,5
claudia,5
os,5
moisture,5
nexcom,4
velove,4
sehat,4
studio,4
rieta,4
refil,4
keyboard,4
ice,4
product,4
pie,4
tato,4
awet,4
mer,4
it,4
glaze,4
gaun,4
tommy,4
hanasui,4
prada,4
stylenanda,4
processor,4
plush,4
minoru,4
multicolor,4
chnl,4
cameleon,4
pulpen,4
bq,4
kemas,4
asimetris,4
inner,4
tk,4
efolar,4
elastis,4
zoya,4
ak,4
order,4
blending,4
freshian,4
stdw,4
berry,4
sdm,4
soothing,4
navy,4
prince,4
mg,4
graha,4
olshop,4
gypsi,4
nourishing,4
ajiko,4
cookie,4
tusuk,4
visible,4
limetless,4
cewe,4
peach,4
gantung,4
zoe,4
kuat,4
ultimate,4
guide,4
manshiu,4
ghc,4
turtleneck,4
bandana,4
konde,4
blushed,4
xp,4
moly,4
tampil,4
alma,4
ter,4
akulaku,4
thailand,4
kalia,4
babyteri,4
whisky,4
slup,4
nisa,4
midnight,4
paradise,4
howfashion,4
bank,4
landbis,4
reinvent,4
crepe,4
xc,4
aryra,4
popfeel,4
headset,4
tony,4
hw,4
hidup,4
reader,4
pinset,4
zipper,4
edw,4
ys,4
macam,4
racun,4
precious,4
badgal,4
april,4
expo,4
dandan,4
moana,4
gorgeus,4
julie,4
bigger,4
us,4
en,4
bundling,4
tieta,4
ic,4
tasya,4
straight,4
shin,4
krilo,4
bhn,4
classics,4
makin,4
kajal,4
gurita,4
pigmented,4
uniqlo,4
sambung,4
femme,4
soraa,4
tata,4
bohaycos,4
invisible,4
baloteli,4
garis,4
kabuki,4
amoled,4
beotua,4
grs,4
zian,4
nyaman,4
clear,4
ocha,4
snow,4
xiu,4
second,4
hourglass,4
small,4
jersey,4
jalan,4
naturactor,4
cheron,4
qic,4
rimmel,4
muscle,4
northshow,4
ikat,4
voxy,4
body,4
twiscone,4
moscrape,4
creations,4
penuh,4
bestseller,4
care,4
lazada,4
sinar,4
topi,4
milea,4
langsung,4
grasela,4
terra,4
softcase,4
portman,4
lebar,4
mangkok,4
kuu,4
sarah,4
cotta,4
tonymoly,4
kulak,4
latulipe,4
dense,4
dramatic,4
syubidap,4
bianca,4
inc,4
tavisha,4
sempurna,4
dry,4
transformer,4
wing,4
joy,4
highlight,4
apl,4
moschino,4
jahit,4
betriaaa,4
casing,4
nance,4
sekarang,4
ibu,4
minote,4
rami,4
indoland,4
martin,4
variant,4
purple,4
laku,4
kleancolor,4
protector,4
lapis,4
brt,4
watery,4
nz,4
dada,4
lingkar,4
lotion,4
qwerty,4
perut,4
torch,4
individual,4
expert,4
envy,4
km,4
ulta,4
ub,4
quick,4
banana,4
cocoa,4
sensenstore,4
oilash,4
gl,4
aplicator,4
tgn,4
lift,4
maxmara,4
aprilskin,4
devina,4
pengantin,4
naturgo,4
champ,4
manicure,4
baseball,4
cpu,4
inaka,4
pearly,4
easy,4
pallate,4
circle,4
unie,4
false,4
tempel,4
dasi,4
sutra,4
crush,4
moondust,4
kucing,4
dolly,4
lv,4
tisha,4
gemuk,3
buru,3
pigment,3
jade,3
gaya,3
patch,3
pasang,3
sna,3
meisya,3
translucent,3
salwa,3
archi,3
miyaz,3
mochi,3
simo,3
game,3
heart,3
ols,3
minnie,3
stamp,3
syukron,3
butterfly,3
guerlain,3
pond,3
protection,3
rainbow,3
git,3
ramgb,3
orc,3
ivory,3
mosecrepe,3
perfectcurl,3
kryolan,3
blester,3
rog,3
supernova,3
medium,3
makeups,3
morena,3
corrector,3
bulat,3
dakota,3
simply,3
sherin,3
intens,3
imei,3
cocok,3
diora,3
inul,3
fold,3
derma,3
malam,3
therapy,3
peko,3
zillio,3
batwing,3
getapih,3
burbery,3
shock,3
bergo,3
aigner,3
kain,3
poliester,3
ex,3
xixi,3
fringe,3
dusty,3
vc,3
panas,3
cape,3
shinar,3
aksen,3
seluruh,3
lilin,3
kanno,3
wajik,3
blossom,3
tiga,3
dosting,3
vs,3
friends,3
sketch,3
dini,3
grade,3
mulus,3
godiva,3
function,3
kembang,3
bos,3
frisket,3
celak,3
abi,3
online,3
chanel,3
show,3
ab,3
fantasy,3
guci,3
tuniak,3
tuju,3
bf,3
nala,3
andara,3
discount,3
dot,3
muka,3
tone,3
bc,3
motip,3
pocophone,3
ayudia,3
cartoon,3
pnf,3
bajumuslimah,3
electric,3
twc,3
fasionable,3
charger,3
vaseina,3
airy,3
sekali,3
tinted,3
extention,3
maula,3
hena,3
cendrawasih,3
na,3
segitiga,3
multiplying,3
sr,3
tv,3
batok,3
waist,3
kitkat,3
ver,3
sekat,3
bisa,3
zara,3
tunicindo,3
master,3
iner,3
anisa,3
washable,3
lace,3
lenght,3
los,3
lindor,3
keep,3
kw,3
marshwillow,3
ortable,3
botanica,3
knit,3
sound,3
dian,3
beautysweet,3
tunicmuslimah,3
shalia,3
melembabkan,3
yuri,3
blade,3
kuota,3
balotelli,3
monster,3
comb,3
bambu,3
antem,3
laras,3
sea,3
starla,3
lah,3
snapdragron,3
spoolie,3
charge,3
nada,3
solo,3
galenco,3
nova,3
ss,3
inspire,3
dance,3
bukti,3
lihat,3
lovablemart,3
kenzo,3
essence,3
kerut,3
ekonomis,3
prisket,3
hdc,3
longlash,3
ysl,3
padi,3
ardell,3
kinds,3
mystery,3
refurbished,3
colormoist,3
renegade,3
hare,3
generation,3
beautiful,3
loreal,3
quina,3
pac,3
volkadot,3
acne,3
kartun,3
topsindo,3
extremily,3
deeja,3
ada,3
lena,3
rk,3
part,3
flare,3
brisia,3
zckl,3
rd,3
hydrating,3
mayla,3
dendy,3
sindy,3
mck,3
seri,3
gelang,3
london,3
your,3
laura,3
bajubagus,3
bajufashion,3
iconic,3
modelisa,3
hi,3
langsing,3
kem,3
orange,3
wa,3
wolvis,3
facial,3
tosca,3
gliter,3
sebum,3
tatto,3
zahra,3
twist,3
moji,3
creation,3
limitless,3
nyala,3
pigmen,3
dimensional,3
coat,3
ca,3
bride,3
skull,3
obat,3
terengkap,3
gila,3
talita,3
travelling,3
kombi,3
sebat,3
harmony,3
serba,3
kill,3
im,3
hapus,3
atasanmurah,3
pray,3
eric,3
aruchi,3
bajuhijab,3
ciput,3
hope,3
resleting,3
fh,3
ansania,3
permanen,3
of,3
handbag,3
tunichijab,3
edisi,3
ace,3
correcting,3
bajumurmer,3
moist,3
alotu,3
friendly,3
buah,3
bsm,3
lurus,3
pengriting,3
stempel,3
gome,3
burkat,3
waterpoof,3
wilona,3
adhesive,3
fasionabel,3
resist,3
tunicmurahbandung,3
impact,3
emas,3
bundle,3
rezva,3
printing,3
organza,3
zero,3
trim,3
unicorn,3
silhouette,3
sd,3
scot,3
colorstay,3
clarice,3
lasercut,3
yolla,3
paperwhite,3
morning,3
bajumurah,3
menor,3
steel,3
shark,3
dongker,3
fs,3
dior,3
cleansing,3
tatum,3
brighten,3
blend,3
mulas,3
merek,3
moscrep,3
blesscollection,3
vechia,3
af,3
template,3
alodi,3
not,3
shades,3
perfecting,3
hokky,3
berat,3
curly,3
uang,3
yoona,3
pant,3
resistive,3
tablet,3
gigi,3
digital,3
dekoratif,3
guna,3
strecth,3
bio,3
gtb,3
bliss,3
hangout,3
pensi,3
shading,3
sulam,3
phoera,3
lf,3
aman,3
vava,3
supreme,3
davina,3
ps,3
short,3
maria,3
obral,3
maike,3
loves,3
cople,3
may,3
lizzy,3
sangat,3
boombox,3
keany,3
sb,3
aria,3
laba,3
bokeh,3
like,3
batas,3
kembar,3
blackest,3
longgar,3
jogger,3
mawar,3
coksu,3
eenten,3
cleary,3
lucu,3
lamela,3
hikorasaki,3
balqis,3
carlina,3
bajumuslim,3
tiara,3
jana,3
butak,3
romantic,3
spectacular,3
xxxxl,3
ra,3
dengan,3
herbaay,3
mink,3
queeen,3
xpert,3
pelebat,3
zafina,3
mall,3
cap,3
bigg,3
kredi,3
yuni,3
duyung,3
edge,3
pick,3
rabani,3
q,3
kofte,3
cardi,3
dony,3
sport,3
atadanwan,3
fp,3
smokey,3
adelia,3
reguler,2
bee,2
fantastic,2
marion,2
inging,2
mattes,2
stevi,2
outrageous,2
nurah,2
highlighting,2
man,2
iman,2
venna,2
sovia,2
hypoallergenic,2
panda,2
terang,2
stainless,2
ali,2
mfcollection,2
tokogo,2
pakain,2
burung,2
wave,2
rocky,2
acacut,2
pinky,2
blanket,2
rocket,2
passion,2
advance,2
geometry,2
panty,2
wp,2
sidik,2
fanbo,2
supracolor,2
alfa,2
treats,2
tropical,2
keringat,2
mak,2
stone,2
kawan,2
sienna,2
louis,2
lakova,2
steinless,2
primary,2
am,2
desain,2
bar,2
bodicon,2
walkie,2
fixer,2
seamless,2
kirin,2
smashbox,2
fashions,2
lbesar,2
gplus,2
viral,2
flush,2
biaya,2
gubug,2
under,2
panther,2
ww,2
end,2
vonnie,2
countdown,2
piatto,2
creamatte,2
rongga,2
vinstelle,2
nitafashion,2
hoddie,2
holika,2
aji,2
balotelly,2
oreo,2
hengfei,2
hat,2
madu,2
tessa,2
hugo,2
mc,2
growth,2
pagar,2
blushes,2
piton,2
pearli,2
catty,2
sizer,2
teman,2
code,2
kawung,2
alora,2
pieces,2
musik,2
teby,2
pemnjang,2
lx,2
meter,2
banxeer,2
kyoko,2
kwalitas,2
pori,2
sama,2
clubbing,2
ancw,2
masuk,2
nayara,2
reveline,2
kelinci,2
sobek,2
penebel,2
atara,2
effet,2
berdiscount,2
shower,2
vlove,2
fahtika,2
atsan,2
stop,2
kara,2
kuping,2
pribadi,2
draka,2
raka,2
belline,2
clip,2
shinkurim,2
umali,2
polo,2
bat,2
corneli,2
waktu,2
suryani,2
browit,2
isabella,2
linna,2
chello,2
ars,2
libi,2
memory,2
boosting,2
masakinih,2
shoot,2
smartfren,2
cowboy,2
alpha,2
otwoo,2
tamara,2
softy,2
happy,2
nutrition,2
klia,2
school,2
waterfroof,2
eiffel,2
twin,2
fenmmy,2
oxford,2
slender,2
snl,2
figure,2
massa,2
laudya,2
troublemaker,2
dejavu,2
rosy,2
efioo,2
blossoms,2
lepas,2
deecosmebeauty,2
mena,2
brows,2
curve,2
ontrend,2
coral,2
regazza,2
thefaceshop,2
start,2
ancien,2
div,2
acrylic,2
lodvi,2
sist,2
kelas,2
buka,2
clio,2
madina,2
milani,2
glosir,2
bola,2
flora,2
lelga,2
pearl,2
desfa,2
uplift,2
design,2
jati,2
lt,2
kopi,2
frinting,2
yuna,2
bravi,2
luber,2
alena,2
fungsi,2
sticks,2
fifico,2
gionee,2
punny,2
oc,2
faux,2
dalem,2
portable,2
abang,2
layopo,2
bigshot,2
dista,2
project,2
genpro,2
legendary,2
bang,2
chan,2
tsum,2
nr,2
kaka,2
support,2
office,2
terlarisss,2
ums,2
monita,2
bundles,2
anina,2
hyget,2
dear,2
sticker,2
battray,2
rumbai,2
lumia,2
jaman,2
bloshon,2
hak,2
amanda,2
maiya,2
daia,2
beleza,2
bigsale,2
db,2
eyeshedow,2
frameous,2
semua,2
hotty,2
mila,2
squer,2
bebas,2
looke,2
telepon,2
sis,2
stacey,2
isolation,2
rotary,2
nilon,2
bal,2
cb,2
huang,2
hole,2
lol,2
rendah,2
gudangfashion,2
bright,2
jibab,2
lipscream,2
ala,2
huangmi,2
ds,2
waffle,2
happinesshop,2
qualcom,2
dresser,2
kaila,2
lazy,2
branded,2
bebyterri,2
jerawat,2
gbgb,2
maogaleri,2
navina,2
bm,2
amirafarzanashop,2
complete,2
bom,2
abad,2
lenghtening,2
world,2
precise,2
beautystore,2
langit,2
hs,2
lova,2
senojaya,2
dorie,2
hyperlash,2
minmin,2
inbox,2
panties,2
nougat,2
tjk,2
jasmiface,2
clump,2
holy,2
natasha,2
kandung,2
lipmatte,2
lembap,2
seno,2
limited,2
deenay,2
taskoleksi,2
praktis,2
phasmina,2
sierra,2
ultralight,2
koin,2
butter,2
chubby,2
caution,2
liptin,2
kanaya,2
pisau,2
sledding,2
chipset,2
spectrum,2
gamephone,2
lifting,2
italians,2
borkat,2
gemini,2
teardrop,2
blooming,2
amart,2
cone,2
clv,2
arrival,2
pusing,2
lowest,2
winsa,2
main,2
jari,2
mavala,2
hingga,2
mello,2
combi,2
mermaid,2
bhs,2
wawa,2
bebyteri,2
snail,2
asnah,2
monna,2
semprot,2
kose,2
kev,2
vi,2
inter,2
pallette,2
skiny,2
macy,2
arfa,2
tery,2
superman,2
casandra,2
wafel,2
musim,2
buble,2
dreamer,2
noble,2
banzou,2
aq,2
panorama,2
fashionmania,2
deffa,2
thin,2
elizabeth,2
raysha,2
dila,2
simpul,2
ungu,2
luxury,2
salon,2
isadora,2
lavoi,2
cool,2
nayla,2
kimmy,2
versi,2
building,2
perspektif,2
nayra,2
hnkfashion,2
kiity,2
bluse,2
trivia,2
prita,2
colurstay,2
solution,2
embos,2
vanessa,2
ampuh,2
mascaras,2
merak,2
utk,2
leging,2
ailin,2
cmaadu,2
jl,2
promosi,2
ulang,2
mukka,2
pe,2
junix,2
gading,2
buds,2
apparel,2
telor,2
earth,2
sabina,2
genggam,2
unisex,2
dragon,2
prina,2
preshian,2
janka,2
protein,2
onkir,2
fortis,2
owwely,2
mewah,2
abishop,2
laci,2
pressian,2
sym,2
toyobo,2
talkie,2
floral,2
esther,2
musroom,2
handmade,2
fabulous,2
katy,2
fashiontectura,2
atomy,2
mart,2
arrivals,2
cokie,2
price,2
claretta,2
glamor,2
istimewa,2
shancez,2
rontok,2
snapdragonaie,2
bronze,2
mtk,2
roller,2
weightless,2
perm,2
sopran,2
ribana,2
kaina,2
lms,2
pacar,2
xr,2
khurim,2
ghea,2
mocca,2
xtreme,2
irish,2
if,2
coolnss,2
marrcella,2
lpm,2
hija,2
sare,2
dausat,2
aubeau,2
beludru,2
injection,2
inelsa,2
nabilla,2
sukaonline,2
sumishop,2
lucky,2
dlusia,2
lembab,2
cindy,2
mika,2
theyre,2
mamamia,2
golden,2
zoom,2
syal,2
compromise,2
effects,2
cinkle,2
lit,2
nutrilash,2
korek,2
ribbon,2
moscreepe,2
cashback,2
things,2
ubur,2
membrane,2
kemtun,2
symbol,2
banny,2
romina,2
shezi,2
ombre,2
sunshine,2
mtv,2
tetes,2
aromatic,2
jgf,2
tuniq,2
gresia,2
luria,2
ro,2
robek,2
cibulan,2
jo,2
campaign,2
standar,2
ekstra,2
softjeans,2
violet,2
denian,2
imagic,2
cardigan,2
viafashion,2
bela,2
goodquality,2
selangkang,2
wispy,2
qianxiu,2
knz,2
mandarin,2
rosegold,2
bangett,2
geby,2
gumpal,2
melt,2
flowers,2
shiseido,2
cg,2
miniso,2
vita,2
nadya,2
fygalery,2
jangkau,2
immoshop,2
fwvga,2
balero,2
deals,2
laki,2
cincin,2
cahaya,2
sholat,2
deluxe,2
sheila,2
sivanna,2
prima,2
nubia,2
olahraga,2
define,2
guc,2
giona,2
ayam,2
slots,2
rania,2
lisfashion,2
pore,2
buton,2
pinsil,2
io,2
sonya,2
beautica,2
washed,2
cf,2
inb,2
ayako,2
qlo,2
faisa,2
great,2
nfc,2
hypercul,2
baked,2
jump,2
yen,2
animasi,2
chino,2
andira,2
nirmala,2
lemon,2
miniecute,2
tisa,2
photofocus,2
pell,2
menard,2
jemur,2
lilipop,2
wine,2
mattesetter,2
jumper,2
zskl,2
sarogayo,2
tc,2
komokomo,2
esences,2
siro,2
sherren,2
aiek,2
got,2
snap,2
drboutique,2
maange,2
kosong,2
yungki,2
cold,2
sauna,2
evani,2
booster,2
ninos,2
drying,2
protective,2
metallic,2
bedene,2
sp,2
fashionmuslim,2
celmia,2
shawl,2
andina,2
fine,2
jazz,2
oase,2
pisang,2
korektor,2
aluna,2
manis,2
roll,2
hanabi,2
esa,2
blackshark,2
strip,2
tanah,2
newone,2
rim,2
whaitening,2
atmos,2
hdf,2
sharp,2
gerak,2
fix,2
bamboo,2
kalista,2
sensitif,2
vest,2
sala,2
ricardof,2
tile,2
accelerator,2
mimax,2
shimamura,2
sifa,2
lose,2
opal,2
jupier,2
ketiak,2
luphluph,2
cassual,2
mh,2
indira,2
lengket,2
kontrol,2
tun,2
ip,2
siera,2
titanium,2
sentuh,2
force,2
blast,2
punch,2
lea,2
bowl,2
apolo,2
covered,2
objkt,2
ifa,2
anggora,2
wita,2
turtle,2
mira,2
terlariss,2
hana,2
terhits,2
sekolah,2
turn,2
longtop,2
pelat,2
stagenius,2
sakila,2
tipe,2
komedo,2
apebe,2
anya,2
fasio,2
mugfa,2
hanella,2
cuku,2
linen,2
pigeon,2
forever,2
self,2
space,2
meet,2
lenalong,2
illuminated,2
cubic,2
sense,2
glamaor,2
fiberwig,2
tokped,2
fr,2
merid,2
ga,2
usia,2
belakng,2
pis,2
list,2
harazaki,2
honeyclothing,2
complexion,2
mekanik,2
micellar,2
playstore,2
kat,2
powerful,2
delima,2
batre,2
auto,2
klasik,2
elektrik,2
vitalty,2
kanvas,2
suara,2
ayyub,2
sleting,2
mantab,2
france,2
amity,2
produsen,2
viola,2
revolving,2
hengfang,2
kimmi,2
tj,2
hdm,2
tebaru,2
esens,2
kambing,1
rkfashion,1
perbtang,1
orignal,1
ahluwvii,1
mx,1
volome,1
pjblkang,1
mushroom,1
denfer,1
exlucive,1
slpmvyxa,1
xpress,1
raffaby,1
omega,1
northen,1
sedia,1
tbc,1
ling,1
pnuff,1
papayo,1
colourv,1
jjjkzmvg,1
ratna,1
rzl,1
cube,1
mylady,1
misbie,1
yvgldsoj,1
adellia,1
ihyemgdp,1
affinitone,1
stuff,1
klean,1
cocottee,1
gpesuqpr,1
crease,1
uchejjub,1
salem,1
xjvyslsl,1
origina,1
karla,1
barcode,1
ruby,1
zaran,1
andromax,1
wuktgmyg,1
xa,1
meah,1
gkdencvt,1
mvstpbzm,1
stencil,1
waterprood,1
metha,1
nomu,1
terkinibaju,1
blushon,1
shana,1
factor,1
definition,1
malas,1
legend,1
titik,1
vibes,1
eyemazing,1
widviitv,1
morphe,1
superhero,1
guchie,1
emaigpua,1
coolmi,1
tokomeifashion,1
akhmar,1
bdciqwry,1
belezza,1
ladies,1
razeta,1
pom,1
concealing,1
jangkung,1
paybznol,1
tembak,1
oneck,1
anoyhbav,1
dara,1
shan,1
nindy,1
hihvwvmp,1
nomor,1
hariseta,1
combination,1
omni,1
saki,1
benefits,1
ziggy,1
sasa,1
ekstrak,1
ayunda,1
eyecurl,1
land,1
anjani,1
fanshion,1
gudwchkq,1
drooms,1
kyo,1
kmc,1
ucyfrium,1
moscreve,1
wanuta,1
weedo,1
mayebelline,1
codewoix,1
pkm,1
nvlbeauty,1
point,1
norita,1
helena,1
moshcrape,1
knimaowx,1
naf,1
perfeet,1
keratin,1
edtion,1
mitra,1
uwrwecii,1
khatina,1
highdensblack,1
oshop,1
waka,1
italy,1
lisptick,1
fany,1
bubble,1
sniper,1
pulkadot,1
kusam,1
fjco,1
hefiswfx,1
chesse,1
nano,1
spndek,1
qzcpzzpo,1
headed,1
rekondisi,1
adeli,1
evolution,1
dudu,1
breathing,1
genes,1
gerai,1
pelangi,1
ksoelami,1
euryx,1
cofee,1
zlwzxyvd,1
ydzoyxrt,1
sroddimg,1
azara,1
flaminggo,1
topcoat,1
jolt,1
venusfashion,1
vajgqpxa,1
donald,1
distromi,1
oppp,1
dahlia,1
pas,1
qiaowei,1
arabia,1
qtone,1
rice,1
muniko,1
matang,1
pajamas,1
intel,1
lollipop,1
pokiegold,1
megapixel,1
de,1
bioblitz,1
jgfvttnb,1
grid,1
xqqhtbzz,1
midya,1
kamar,1
gulung,1
eila,1
comestic,1
itenyspb,1
gieska,1
elevate,1
azura,1
nature,1
jadi,1
agrzbmgu,1
aveaakrm,1
extender,1
wings,1
wowie,1
collectionclaire,1
lnrs,1
gf,1
hulk,1
giordani,1
syani,1
softlen,1
andiza,1
jeasn,1
trendshopee,1
mfloemxa,1
glamours,1
encang,1
gisyani,1
enjella,1
nandasyle,1
scanner,1
borider,1
toe,1
cania,1
tm,1
manshili,1
summer,1
aqsskzbf,1
optimum,1
talenta,1
mara,1
talia,1
hidung,1
panjangtunik,1
npwdnpay,1
dvddvfok,1
westylis,1
applikasi,1
sxy,1
muslimmah,1
pindai,1
sacelady,1
browfessional,1
za,1
lenses,1
gwsufbch,1
swift,1
ankle,1
holiday,1
jb,1
imfoclsi,1
cdxezebc,1
kluge,1
ucyzixss,1
confidence,1
pasminah,1
pdk,1
qdgjrwww,1
sexxy,1
kaoswanita,1
crinke,1
span,1
eunhae,1
vcymoqqh,1
beautylipstick,1
eyelid,1
melting,1
eyebrows,1
discond,1
qxskjyyv,1
hjedgbnb,1
twotone,1
ima,1
putti,1
singkat,1
pret,1
shopie,1
withincrease,1
akhir,1
hsbhhkuq,1
choose,1
mis,1
yumesekai,1
zgoypljt,1
herbathus,1
misokim,1
termuah,1
bengkok,1
iimhulxh,1
arz,1
dka,1
popo,1
jar,1
flojfqjh,1
llubdeka,1
nice,1
mocuwjuu,1
bdjxfpia,1
juli,1
mpmf,1
tere,1
qiciy,1
tweezer,1
nc,1
hightlighter,1
marianne,1
wollcrepe,1
rolland,1
machine,1
pasta,1
stylenada,1
dahi,1
premmium,1
mking,1
razzeta,1
urut,1
counter,1
books,1
gximqyww,1
jlxljilf,1
monic,1
vos,1
guvi,1
kyvhewhl,1
kukyckkj,1
bubblecrepe,1
grateful,1
tan,1
mbak,1
esbyjudr,1
member,1
thn,1
maybellin,1
nic,1
ocjzdygc,1
glorya,1
kevy,1
nawa,1
liptato,1
lefashion,1
gleam,1
rample,1
passport,1
padang,1
chestnut,1
ikan,1
laurencollection,1
kelupas,1
plan,1
ankywdeu,1
ocean,1
objewfvf,1
scuare,1
leony,1
heyo,1
garuda,1
dunia,1
serbba,1
vitania,1
nletfjhg,1
molvis,1
mineralight,1
rizqon,1
experss,1
nertyeog,1
donat,1
metalic,1
concelear,1
market,1
oneplus,1
datang,1
urrblwhf,1
berani,1
sliming,1
marcs,1
gisella,1
overtake,1
gokunobi,1
xqwdmlgn,1
shizens,1
olivia,1
devanos,1
safea,1
radiant,1
foundition,1
dlik,1
split,1
coloration,1
stockist,1
klikok,1
millo,1
hbdqnvkv,1
buga,1
brushset,1
switeer,1
dull,1
mekar,1
everbilena,1
gbkzkawb,1
pyfopdvq,1
lexsia,1
pkezfwqs,1
dki,1
bercak,1
seven,1
koleksi,1
cellular,1
pump,1
amstrong,1
gyzzvyfz,1
askkzvsp,1
gansa,1
doby,1
fiture,1
ac,1
nyaring,1
attractive,1
eyebrowcara,1
sccubrrr,1
gwwdtzlv,1
sling,1
emrrzhru,1
ngzwvens,1
freckle,1
dpmcemmp,1
nose,1
tubnik,1
ohana,1
endmzygg,1
hayza,1
standbye,1
iron,1
breathable,1
elber,1
haymeestore,1
fanci,1
vw,1
natnat,1
syukroncollection,1
afifah,1
thebest,1
aline,1
siffa,1
willa,1
fkkuppmw,1
aloevera,1
cds,1
anggrek,1
hasanah,1
zanzea,1
corrective,1
ptt,1
letek,1
every,1
cutie,1
melda,1
ez,1
kartann,1
aodoieum,1
curvy,1
waneva,1
wiokigis,1
theresia,1
kenzooo,1
pedro,1
soap,1
grenstar,1
trivela,1
blues,1
tunuk,1
preloved,1
reng,1
tabir,1
slicone,1
jf,1
atha,1
gage,1
moca,1
rev,1
sajadah,1
habbatussaudah,1
majolica,1
fizah,1
ufryriwe,1
odbo,1
smarphone,1
vnfaymsa,1
velvetines,1
buku,1
murni,1
peoni,1
fashionwanita,1
muslimstore,1
drink,1
pudar,1
vbugpscu,1
bakung,1
fdvvxqyr,1
lavoka,1
lowen,1
btizbzci,1
garini,1
ressistant,1
yqfvzgaz,1
cnl,1
refurbhised,1
fatlash,1
modren,1
goreous,1
bqfjhkce,1
jsk,1
cello,1
loveza,1
joanxqoh,1
akrilik,1
iii,1
yerpaqmy,1
bariq,1
batikdres,1
vymlzzop,1
ukran,1
permata,1
dailystyle,1
dzvmzeer,1
boneka,1
rahmashop,1
kontak,1
tarte,1
caoffe,1
tpajekrd,1
handfree,1
amplify,1
zaskia,1
multifunctional,1
komaya,1
bnsjsxgg,1
mabrur,1
fn,1
absolute,1
ny,1
igylpzwy,1
ykeewlgo,1
goda,1
linz,1
syafa,1
mot,1
aircushion,1
lime,1
capsule,1
brick,1
zyrex,1
hgjxiuyg,1
karina,1
valen,1
papua,1
durian,1
outher,1
ntu,1
paulina,1
koko,1
muvtvpjo,1
ayum,1
multifix,1
qccdsbmw,1
moodmatcher,1
imlek,1
turun,1
twister,1
rkkfgmvg,1
marizta,1
aquos,1
kaios,1
sword,1
cony,1
styling,1
update,1
loozars,1
xfgveetd,1
kaws,1
ksuwbkdq,1
mvl,1
kyeklria,1
pradamilano,1
cliquematte,1
genuine,1
gemerlap,1
ceruty,1
paste,1
mydance,1
comunicator,1
jenna,1
ypdoxusp,1
terbest,1
pera,1
miaz,1
spot,1
mancung,1
nheenfdm,1
qyscfjdz,1
canmake,1
preston,1
ujung,1
marvellash,1
garans,1
nisita,1
tatoo,1
reviver,1
nusantara,1
lipglos,1
upgrade,1
hanma,1
kohl,1
tarteist,1
season,1
favorite,1
amped,1
ryelognu,1
kacamata,1
uji,1
arden,1
qzyjalkw,1
audy,1
jtbsmlnv,1
fungsipond,1
kapsul,1
marsela,1
detail,1
hayged,1
yduqjtlo,1
beau,1
tuaivgrq,1
parasut,1
tjjlwikn,1
liangyan,1
signature,1
bescol,1
organik,1
importmuslim,1
inisial,1
yhrhcjje,1
nukmwnom,1
sparkling,1
dualcore,1
lamona,1
zivana,1
jldxculw,1
exprees,1
ciata,1
trending,1
revina,1
aufa,1
pliket,1
benang,1
xlehjxfc,1
blaster,1
pakau,1
sharpener,1
olay,1
launching,1
artasan,1
glb,1
olah,1
moshie,1
barbara,1
selly,1
kissme,1
coconut,1
dennay,1
llipstik,1
xxjukpxt,1
scyykjsc,1
xuping,1
snv,1
herbatus,1
efvzvqoz,1
thebiggest,1
nobox,1
xi,1
corn,1
ukgkgelo,1
dsuewure,1
sherine,1
uxhtmreh,1
matre,1
recorder,1
amp,1
sasatinnie,1
shanaya,1
tb,1
roses,1
exp,1
silah,1
ib,1
ellyfashion,1
nupvyzyx,1
udpvbcqt,1
beliacollection,1
qeysa,1
yv,1
dalleya,1
browtones,1
ritsleting,1
npiyoqgz,1
magmum,1
volkana,1
rivia,1
nuna,1
lightly,1
esse,1
ekor,1
typ,1
rekat,1
rumbay,1
friska,1
denger,1
classique,1
deasy,1
alha,1
hurup,1
climax,1
meteor,1
yonna,1
mangset,1
sealant,1
asimetrik,1
kamus,1
nivea,1
loewe,1
prodo,1
badder,1
els,1
glocalme,1
tupyqqcm,1
legendaris,1
wolycrepe,1
canggih,1
raysh,1
ber,1
group,1
namika,1
meryolin,1
hkxsqzwv,1
ama,1
tin,1
latika,1
kj,1
sunday,1
allen,1
madona,1
dyta,1
funmix,1
versgpqi,1
eri,1
ireng,1
tritffzv,1
gizi,1
parfum,1
collor,1
dualsim,1
oto,1
leono,1
grozir,1
excellent,1
katlyn,1
arsy,1
humble,1
minimal,1
city,1
conseler,1
wolgiurf,1
sleepwear,1
tristal,1
terbaruatasan,1
infused,1
sangga,1
rgjujolc,1
freebuds,1
sam,1
shaw,1
mamas,1
cosmetik,1
kimia,1
adibah,1
hankousi,1
tutul,1
reject,1
rimel,1
taman,1
pasutri,1
alu,1
salma,1
mrwdm,1
jbxxklxq,1
iins,1
gchoguzi,1
flarxsok,1
selesai,1
talj,1
deskripsi,1
twilight,1
stain,1
cwytsytd,1
mthwupdw,1
lexia,1
grcqynkb,1
proliner,1
fork,1
adik,1
bvm,1
celinee,1
wln,1
maxy,1
promobesar,1
tqindonesia,1
kaosoke,1
alivia,1
pastan,1
exclusively,1
warm,1
lifestyle,1
pgn,1
catalina,1
mcsieeyp,1
aii,1
cadar,1
sergam,1
twelve,1
abelia,1
fhl,1
browie,1
marina,1
moadel,1
cina,1
vxazpysb,1
bangkok,1
marta,1
tjm,1
ivo,1
bludru,1
imagination,1
shopping,1
juan,1
prosessor,1
gadogado,1
ravel,1
seaweed,1
shope,1
pfbibhmq,1
edgors,1
ricis,1
doublec,1
pegjgvvy,1
mayb,1
vqbjmdvo,1
gin,1
elfit,1
musliim,1
az,1
nczjbhar,1
al,1
muslilm,1
jhiyjcbz,1
mrzmcsbt,1
imfjopie,1
uwais,1
femmeshopa,1
lavina,1
browny,1
esmeralda,1
bp,1
hrs,1
caking,1
hour,1
minikit,1
narenda,1
via,1
todase,1
ajaib,1
match,1
telinga,1
omnni,1
controllable,1
sawo,1
shot,1
koora,1
tinta,1
karin,1
malone,1
amino,1
jn,1
fps,1
xqmczypz,1
kalang,1
daisah,1
marc,1
claryne,1
velicia,1
megalenght,1
fremium,1
whitney,1
pitania,1
fond,1
uva,1
bau,1
usb,1
irana,1
higt,1
payudara,1
megane,1
aos,1
fiberlash,1
tycuyphv,1
bellphone,1
pastal,1
lusia,1
otentik,1
laxnrifc,1
app,1
krayon,1
riyas,1
sikygirl,1
stevy,1
namira,1
xrooncjc,1
delapan,1
alika,1
lumiere,1
gania,1
sasha,1
lengkung,1
gcc,1
arkhan,1
exlusive,1
asti,1
hangat,1
exnmcpgb,1
capture,1
miky,1
transfer,1
jacobs,1
pstyvvig,1
hudabeauty,1
tanpa,1
lightbrown,1
ultrablack,1
lana,1
sadaqah,1
wen,1
gkimccjk,1
vital,1
wysblogg,1
mecola,1
canybar,1
lingerie,1
snew,1
bqy,1
aseton,1
elsheskin,1
rafanda,1
murat,1
dieva,1
hero,1
florance,1
efccpcej,1
cska,1
da,1
lacarckx,1
occasion,1
xxtrryuw,1
at,1
msr,1
mrwqeola,1
warranty,1
samaya,1
lipglosss,1
hengsi,1
hanphone,1
fwrwzpmj,1
maybelin,1
tuinik,1
key,1
propolis,1
mvzkcmzi,1
psxrkeyb,1
creammate,1
kf,1
tqrofkqd,1
zag,1
lipquid,1
seruba,1
angsa,1
garasi,1
surge,1
nkstygac,1
boostcara,1
artist,1
samantha,1
kinih,1
hair,1
zktw,1
qualitybahan,1
vlqeaxkd,1
pesona,1
handle,1
brilliant,1
tto,1
lemonskin,1
yr,1
charcoal,1
doctor,1
peiyen,1
kunci,1
variants,1
rtweopeh,1
pgt,1
uwwmvscy,1
pecah,1
vienn,1
golightly,1
talcum,1
junies,1
bird,1
cleo,1
eyliner,1
credit,1
fat,1
kyana,1
jmart,1
dyna,1
lazim,1
mbk,1
milik,1
ninda,1
balloytely,1
bps,1
beam,1
dreskin,1
cellinei,1
wow,1
yndjqswn,1
seyes,1
kopabbnk,1
aisleqzg,1
devin,1
ijo,1
zs,1
stylist,1
zig,1
extream,1
ion,1
glamorous,1
hongkong,1
ceigkdwy,1
styler,1
dusk,1
jody,1
imas,1
disc,1
beautifully,1
tab,1
sampe,1
neo,1
universal,1
rang,1
upik,1
fiesta,1
healthy,1
syahrini,1
hiper,1
elvindo,1
xzbzlmmn,1
swat,1
nbmufgvm,1
ntqvihix,1
penggar,1
qd,1
emma,1
abel,1
luuvlnjq,1
ami,1
bgiaqzzs,1
saras,1
slot,1
uojhfvfl,1
qhurzlzn,1
pullover,1
fmuanszl,1
pearlyy,1
dira,1
organdi,1
zi,1
whitvtcu,1
alexa,1
abis,1
dc,1
permana,1
hengfui,1
perseus,1
florida,1
dipbrow,1
cornskin,1
hijub,1
gldaqjro,1
rangkai,1
dist,1
untung,1
seksi,1
jolly,1
room,1
wlpjmnfu,1
bedal,1
erlina,1
srbdxhwp,1
tpmwrtkp,1
rgl,1
starlet,1
zlq,1
ahrxisae,1
masnhili,1
pari,1
mamogo,1
rajju,1
league,1
mecca,1
naumora,1
hiro,1
sleeve,1
pair,1
mardalena,1
micca,1
microbuds,1
ketawa,1
prettyladdies,1
acara,1
legionshop,1
jbl,1
pdpn,1
jdyvzpah,1
firza,1
udvlsnyt,1
bit,1
zcmadoee,1
belezer,1
istana,1
teen,1
berbie,1
hrg,1
allure,1
travelmate,1
nandita,1
versace,1
vandroid,1
ophlppmc,1
tingkat,1
fetisheyes,1
xvbowove,1
finder,1
qualcoom,1
kamea,1
avenue,1
gilita,1
fame,1
zdkl,1
petal,1
ruas,1
hwa,1
uemura,1
av,1
ore,1
matee,1
scott,1
ema,1
packingan,1
millie,1
breska,1
gx,1
pupup,1
hijabers,1
tuniktopsbandungindo,1
gbhkoknr,1
bumi,1
caftan,1
banjir,1
seleksi,1
kijxjksu,1
shu,1
naysa,1
prom,1
gunny,1
sided,1
gsd,1
pora,1
how,1
mulai,1
lilla,1
ath,1
cemujidv,1
mtegcess,1
vaseline,1
won,1
vbhpqlle,1
upulse,1
darell,1
naluri,1
wapbpvek,1
booked,1
cassa,1
latulip,1
ruler,1
klkxhmwa,1
hill,1
whswjwbm,1
ganis,1
ningsih,1
balikpapan,1
ozhgclbh,1
ranaya,1
senja,1
superbeauty,1
waterlite,1
kabaya,1
maroko,1
this,1
lulus,1
holmes,1
isabell,1
bk,1
pmg,1
niceface,1
wenz,1
microsoft,1
raja,1
selfi,1
lor,1
home,1
tweezers,1
calera,1
donalina,1
shenar,1
nt,1
mhqqjwql,1
nankousi,1
application,1
si,1
takitaki,1
tattooo,1
crbfxvzd,1
zo,1
wibqynjs,1
ljenbxim,1
mirror,1
looks,1
sleding,1
rated,1
mybelline,1
bagasi,1
bwluyoqu,1
tropik,1
lazpee,1
spolie,1
colection,1
qykomwdx,1
dess,1
enak,1
eqfkhjmb,1
baransi,1
hexacore,1
willi,1
eyeliners,1
sensation,1
vccrnsws,1
gray,1
bangettt,1
vprfgwhl,1
kalkulator,1
collagent,1
ibox,1
wenctdmv,1
emboss,1
tebagus,1
tajam,1
samrtphone,1
ershali,1
aqilla,1
infallible,1
sela,1
segera,1
remsi,1
ongki,1
hancur,1
cosmetici,1
jnv,1
coffie,1
fluid,1
helecia,1
gaia,1
qxkbdgcn,1
biomooi,1
loreng,1
flushed,1
dltjjtsb,1
promil,1
tunikbagus,1
ay,1
cordy,1
lipmatt,1
tw,1
salurra,1
waterpof,1
perversion,1
lower,1
flashy,1
waterpouch,1
jmvvnjbl,1
betege,1
koneng,1
ayesha,1
bomba,1
quadcam,1
iiuyziwj,1
bomber,1
wolpeace,1
zouhmhgt,1
libra,1
sqdygnwt,1
lot,1
falselash,1
lh,1
mipad,1
hspdwheb,1
terima,1
collections,1
stokgrosir,1
tuniktops,1
silisopnge,1
poles,1
mariska,1
ejqmxbba,1
komb,1
multifungs,1
indo,1
next,1
kps,1
terbrau,1
starbucks,1
daniza,1
kaktus,1
adenovital,1
liv,1
tip,1
selva,1
insna,1
kubika,1
vsydukms,1
kamita,1
cocomo,1
perempua,1
eyelinerthe,1
lumpur,1
babydoll,1
always,1
shell,1
malang,1
fah,1
claristunik,1
gradient,1
robot,1
zof,1
ugqjmhws,1
abstak,1
lemak,1
tmw,1
aneka,1
prasinta,1
poenik,1
young,1
ostunik,1
audi,1
large,1
edfkpdju,1
rookie,1
reviews,1
vpuktqcv,1
potion,1
sezdwrwz,1
mango,1
fiersa,1
liya,1
kupas,1
maksimal,1
sesurabaya,1
reglan,1
fevvy,1
longdress,1
farma,1
transparancy,1
konita,1
viper,1
myoutfitoftheday,1
rvvtueij,1
flori,1
senyum,1
moon,1
stag,1
doty,1
hermes,1
xoxo,1
ee,1
sihvlenu,1
ashyala,1
pulchra,1
kosemtik,1
zemctezk,1
cihgdyzf,1
floy,1
pastel,1
zyurgolc,1
femshop,1
xdubxvdy,1
elmora,1
exstension,1
rogusa,1
shanen,1
elvi,1
zelda,1
yhsblkje,1
cek,1
sonido,1
shanum,1
lubag,1
bagai,1
inka,1
focus,1
mybelinne,1
wollycrape,1
satbe,1
countour,1
halimah,1
sbmic,1
xzsclxwc,1
windows,1
moda,1
xqmfigps,1
twill,1
operal,1
relme,1
yfnzbaxt,1
benzer,1
zdm,1
rapanda,1
flourish,1
shimmering,1
mhyhhynn,1
xxjgsdll,1
ryana,1
suka,1
kwmrejoo,1
hert,1
qpgfbsmf,1
jiwa,1
gonjreng,1
hoiljfyr,1
rr,1
tanda,1
counceller,1
share,1
alx,1
zyyzqbze,1
miring,1
tua,1
majorca,1
sbmev,1
nyamuk,1
jargon,1
kampus,1
biowash,1
vbobjibn,1
ikal,1
bawa,1
kadita,1
jgtghhyy,1
ulybae,1
bonbon,1
originel,1
wosing,1
fruity,1
gzddqxze,1
kekiniyan,1
rumsamfr,1
warrior,1
cangklek,1
acghpouw,1
melengkukan,1
bemvhilm,1
sculpt,1
ringtunik,1
jfioqopo,1
mandarins,1
nissa,1
jeruk,1
silicon,1
pbeapokd,1
hidrasi,1
nahda,1
nnkhdcof,1
okndeeic,1
slagi,1
stickers,1
yf,1
torchscreen,1
handayani,1
jvtuhgtu,1
iiqttkgr,1
fully,1
crime,1
highlights,1
tof,1
nempel,1
shoju,1
pcohsxss,1
latin,1
sonia,1
wajib,1
fahira,1
mta,1
megumi,1
tangkai,1
oke,1
lstar,1
arga,1
bila,1
bklsagcd,1
kayla,1
anneui,1
golce,1
fashio,1
sv,1
dqvdhdup,1
whatsapp,1
class,1
risda,1
holi,1
qf,1
mascaramatic,1
talin,1
dnd,1
mistery,1
fkhfkunt,1
leica,1
bulus,1
flek,1
emoticon,1
nars,1
iqucnywc,1
fang,1
umoczihy,1
valia,1
nrdtzzea,1
channel,1
btg,1
kaya,1
basis,1
meiko,1
kardy,1
taraoseyo,1
sahara,1
givenchy,1
angin,1
piyqrfwx,1
xwubzirt,1
domanibeauty,1
phyton,1
enfer,1
shining,1
yanded,1
jih,1
derajat,1
squre,1
batikwanita,1
fhasion,1
ellipses,1
haweto,1
arash,1
karang,1
sherina,1
minta,1
transparant,1
gabbana,1
damping,1
glaxy,1
enn,1
erto,1
asha,1
kpejwsww,1
mireya,1
esperanza,1
highlighters,1
pallet,1
dallas,1
carmera,1
arm,1
pacman,1
quzzrgoj,1
jaclyn,1
rezeeta,1
jelas,1
ruang,1
darrel,1
nesi,1
dazzling,1
catok,1
authentic,1
extu,1
tengah,1
biasa,1
arraque,1
cocoland,1
tse,1
silica,1
minerals,1
bsy,1
rapi,1
syfarose,1
worie,1
syuga,1
referensi,1
marisa,1
jegging,1
atasa,1
coolpad,1
alisha,1
bsh,1
sejuk,1
sendok,1
bonia,1
helen,1
mar,1
iom,1
wini,1
lexi,1
heroine,1
grosiaskinori,1
qian,1
nagara,1
silvielauren,1
eiyesmao,1
cellia,1
adcmvkbc,1
charco,1
ea,1
makeupmata,1
mansly,1
nmzzhawg,1
depilatory,1
vanesha,1
fino,1
andita,1
refreshing,1
khasiat,1
isyah,1
pride,1
azkia,1
forma,1
years,1
talks,1
paqdldji,1
vionia,1
ovdkpqit,1
retractable,1
kartini,1
susapvnp,1
eternally,1
dewy,1
vanesa,1
beautylist,1
puring,1
kokuryu,1
diameter,1
skot,1
fkvzkrdm,1
iconsign,1
icpklsvb,1
ferlin,1
modesee,1
clasic,1
syarat,1
kan,1
rifezgbl,1
pijat,1
grab,1
gfbogyal,1
khaki,1
stable,1
lucinta,1
medeline,1
rhorclrf,1
lanaa,1
tumpuk,1
stgah,1
hzklmmqt,1
fin,1
sheer,1
cosmestics,1
osifudrs,1
dobi,1
cjftzpmk,1
xxbeyrse,1
calista,1
wjtzimcu,1
natusha,1
vonny,1
momo,1
stevana,1
saem,1
tiny,1
atatasan,1
cnyxnczi,1
hfdampai,1
nnbdchcv,1
nuri,1
lanjut,1
manga,1
distibutor,1
marshanda,1
eokxpbur,1
dingdong,1
rtdtadno,1
shaby,1
dicted,1
duck,1
soda,1
dust,1
cytrus,1
swirl,1
pearlscent,1
thun,1
jnsjudxn,1
tpls,1
pincil,1
larasati,1
beautybigbang,1
cyvpdqdx,1
powerskin,1
songo,1
ajecrxpf,1
greenstar,1
argan,1
melnetikkan,1
bithikua,1
plos,1
jannan,1
terviral,1
siang,1
dalya,1
seen,1
byorka,1
erika,1
gartis,1
qibest,1
cmtcloly,1
clock,1
march,1
kikir,1
starter,1
sania,1
beljwufq,1
barkas,1
salurina,1
briliant,1
simcard,1
eyelesh,1
drista,1
belovedfashion,1
june,1
blow,1
gotdiva,1
nv,1
flashsale,1
unira,1
sif,1
susun,1
chio,1
screw,1
risty,1
sophieparis,1
firda,1
ibstztxw,1
eidrnopm,1
voll,1
bici,1
abvsmoqh,1
yixbmfbx,1
mch,1
jalur,1
cooling,1
puji,1
tutu,1
handaiyan,1
beloved,1
fattening,1
ando,1
arvxwtqj,1
lin,1
smoky,1
jeduastore,1
qualiti,1
advanced,1
assorted,1
androit,1
mella,1
superproof,1
volumecara,1
kilap,1
pinkcredible,1
nina,1
have,1
skuba,1
isehan,1
comby,1
rcjxmvuh,1
cmv,1
secure,1
upgraded,1
hxbjiamb,1
tazkia,1
esteticcollection,1
nurlela,1
preorder,1
kalani,1
imoo,1
origin,1
faceshop,1
cil,1
notch,1
aufpluft,1
kanela,1
fj,1
silfa,1
fauwvdxe,1
mirabel,1
ydbjntsb,1
jenas,1
pad,1
ballotelli,1
dancetahan,1
samoa,1
resepsi,1
kanza,1
zeeva,1
galery,1
eddy,1
royalstar,1
ellyza,1
nonchat,1
hester,1
weight,1
hanumi,1
garasnsi,1
eddszhhx,1
idxcozpe,1
alova,1
zyjdjclu,1
hfshop,1
kailijumei,1
vinstoreori,1
ammashop,1
divine,1
osudwloe,1
zlrlxjpk,1
eaqhtlxk,1
alvijaya,1
file,1
jenggot,1
febiola,1
mauve,1
kaca,1
nasywa,1
never,1
waita,1
kimono,1
choco,1
avajar,1
zahyra,1
larisa,1
erica,1
napas,1
velika,1
lengtening,1
alkafi,1
transferproof,1
hyun,1
azural,1
mhyypvqm,1
mily,1
hgbonjzc,1
an,1
fifo,1
colagen,1
khk,1
standart,1
tafeta,1
redminote,1
chl,1
raisha,1
ziznmzvj,1
galaxxy,1
cutbray,1
viov,1
boos,1
czwhxgqf,1
hight,1
variable,1
mineralize,1
debby,1
micky,1
sherill,1
bengkak,1
faeqa,1
rani,1
kombad,1
orginal,1
fpsknrhp,1
pchigh,1
irqbcyly,1
juice,1
chlorine,1
exposure,1
ayyara,1
rissa,1
wedges,1
elena,1
marsmellow,1
coloring,1
fitur,1
lamiela,1
lucy,1
vpmgjsqi,1
woman,1
kaifa,1
cakep,1
bekas,1
ptjptqbl,1
sfwmlime,1
types,1
giqutfun,1
zaket,1
tour,1
desert,1
moscerp,1
drak,1
clandestine,1
batom,1
wzqusehw,1
vivid,1
uhackqmd,1
kalshop,1
lightweight,1
nik,1
goyang,1
peinifen,1
yo,1
nailmoji,1
pony,1
zalindo,1
yijia,1
sepatu,1
acak,1
wxpodxow,1
valentin,1
hl,1
neana,1
amrtunik,1
moivqxmn,1
ibra,1
almira,1
atasaan,1
kaira,1
harem,1
getok,1
tree,1
rubiah,1
xfnqejmq,1
nthbesaw,1
kyla,1
nibras,1
gvktgkyd,1
barkod,1
menara,1
nafisa,1
mchin,1
kurung,1
aooomnmb,1
mf,1
snp,1
skinfood,1
mangan,1
pashion,1
codorai,1
gallery,1
srt,1
kyli,1
bobcollection,1
revitalash,1
vshopjkt,1
samar,1
qngnsmdx,1
briqdbid,1
rg,1
karaoke,1
vitana,1
wwanita,1
sessi,1
longwear,1
outlet,1
rz,1
ripped,1
vo,1
fl,1
serina,1
fasagunn,1
ela,1
kadira,1
mirela,1
zgjlyhds,1
bloyse,1
henz,1
wyaywukw,1
santika,1
beha,1
ara,1
tipistidak,1
nlg,1
smarthpone,1
zekidtzz,1
charming,1
pagzseuu,1
maryam,1
swath,1
stripes,1
falery,1
georgette,1
vania,1
lvv,1
orinuara,1
qacrupol,1
boril,1
idooa,1
gelap,1
leya,1
shaped,1
sendi,1
dukmkvjk,1
mrc,1
taro,1
zera,1
kidskids,1
andeline,1
galeri,1
stampel,1
marie,1
nf,1
indos,1
kleo,1
pieu,1
comeshop,1
marun,1
urent,1
bigclothing,1
xnrqlefx,1
wood,1
beautic,1
jss,1
caracter,1
sorot,1
qxaoemxw,1
mosy,1
pomade,1
anycall,1
umbrela,1
lyljjdwc,1
hillary,1
skytop,1
polonia,1
brazen,1
butoon,1
heny,1
casseroles,1
sbcl,1
brigita,1
tumik,1
meybeline,1
kivva,1
angkat,1
cassandra,1
campur,1
dualhead,1
supermatte,1
sweatshirt,1
sashimi,1
bears,1
sybil,1
slempang,1
clarisetunik,1
holly,1
tanako,1
goddiva,1
sariawan,1
vpro,1
xdvwfikf,1
elsa,1
emoji,1
oshi,1
chatiffa,1
replika,1
lc,1
luipwpgp,1
gusi,1
menicure,1
accesoris,1
rellian,1
cia,1
lumbini,1
vini,1
shiren,1
senses,1
enter,1
khendra,1
delivery,1
cangkok,1
priming,1
brasovkutek,1
burgundy,1
elenor,1
egnhbrff,1
manuk,1
tsljiiho,1
kbm,1
mha,1
qdqschir,1
wardanishop,1
motive,1
couture,1
miao,1
nuu,1
ozy,1
oleltpka,1
christ,1
diamod,1
inl,1
kxdgddgo,1
crusher,1
sifon,1
fighter,1
yqehbdkp,1
badgesponge,1
pusatfashion,1
mayung,1
nac,1
mickeyna,1
siap,1
mustard,1
djenard,1
imternal,1
camellia,1
orang,1
marks,1
tripel,1
eismhege,1
ryjuenxm,1
kue,1
bj,1
janeta,1
valent,1
ssyvnykf,1
desmira,1
recomended,1
mua,1
tz,1
stl,1
denay,1
fuan,1
layak,1
gaul,1
vooqsifn,1
ferpect,1
monokrom,1
pupuk,1
volumatic,1
anggun,1
side,1
liptick,1
prastiti,1
coin,1
kyyobvpg,1
lwhecywb,1
najma,1
oasis,1
amour,1
monomola,1
bklylzem,1
mamadut,1
srsyifa,1
novia,1
blemish,1
across,1
epdmxetv,1
buruburu,1
yola,1
ranger,1
camouflage,1
kr,1
aneta,1
scandaleyes,1
doogee,1
vertu,1
ytyaacyn,1
contact,1
urat,1
yqtfburm,1
nafsu,1
vgrvwmdz,1
blink,1
system,1
darusyifa,1
switer,1
sandy,1
karen,1
diapply,1
exspres,1
jelly,1
pervesion,1
kei,1
mascaranya,1
ba,1
li,1
herba,1
actvie,1
diamore,1
umqeapdw,1
santorini,1
story,1
aesyah,1
perangkat,1
hilang,1
hag,1
heidi,1
yongki,1
kqflypti,1
tmldujms,1
xtyytwbx,1
ddxznblr,1
rucirametta,1
engan,1
syilviana,1
blinky,1
gmtunik,1
cooker,1
cheeklit,1
ozygvmmo,1
saudi,1
ixerudfr,1
lstfelzu,1
wszrajof,1
aira,1
blown,1
jfs,1
atasanwanita,1
krem,1
perfecr,1
splus,1
jerry,1
mercury,1
ghadies,1
br,1
sofia,1
hilya,1
holder,1
kantora,1
dove,1
bonjour,1
vonie,1
janna,1
junixx,1
carey,1
dyxy,1
ohlola,1
nm,1
durable,1
hasna,1
mhc,1
bayarcod,1
pre,1
rabbit,1
higl,1
mosca,1
patricia,1
tentara,1
helda,1
mj,1
izin,1
dancing,1
heng,1
aajsbolc,1
mascar,1
hold,1
ichigoo,1
stzezmup,1
maron,1
posta,1
krj,1
lpbtglmr,1
sekqdxlj,1
kopiko,1
win,1
ldianer,1
aurora,1
rjrgivdr,1
butik,1
kitek,1
piece,1
zalia,1
can,1
ship,1
prices,1
skate,1
tawan,1
spro,1
zebra,1
tea,1
serie,1
iconoclast,1
tulis,1
solehah,1
drawstring,1
gluta,1
sakit,1
tho,1
amar,1
asam,1
dax,1
nyai,1
zone,1
wilbel,1
ygksshgs,1
pbmj,1
racita,1
alodya,1
combet,1
fab,1
razr,1
gardenia,1
gfs,1
viory,1
blong,1
kxjhkqhz,1
beyond,1
songket,1
lissandra,1
kultura,1
daena,1
roki,1
lara,1
balok,1
cutexs,1
nliiuvok,1
stylo,1
shedow,1
animal,1
nkd,1
yur,1
huruf,1
grooming,1
ncorn,1
rasfur,1
nismara,1
eibygklw,1
ilf,1
powerfull,1
agry,1
aries,1
colletion,1
fortuna,1
grasia,1
tringkel,1
rqs,1
ey,1
kodok,1
helby,1
gps,1
nanny,1
polarisasi,1
tfuvymgd,1
ayras,1
andika,1
sephora,1
countouring,1
vyobyqoj,1
dolbi,1
geller,1
reghan,1
zidda,1
debu,1
parang,1
dvboyvvq,1
arkena,1
nutrisi,1
lonceng,1
hey,1
aolvo,1
vhiva,1
ksmqbwsg,1
indian,1
arxzfrgd,1
kissproof,1
spin,1
noureen,1
steva,1
riah,1
wxuupuoj,1
tumbler,1
holywings,1
cckvfnxl,1
gucc,1
shalwa,1
energizing,1
brownish,1
zebina,1
twis,1
luvojbab,1
jiblab,1
aonijdts,1
uvb,1
even,1
impotr,1
vga,1
rse,1
photo,1
xdjnimzq,1
nffrafjn,1
nana,1
babe,1
anita,1
riche,1
itta,1
koyo,1
tisu,1
squalane,1
flat,1
poni,1
vwzjdijk,1
mavy,1
turkey,1
ahy,1
agen,1
vnuaqpip,1
sheza,1
microbrush,1
nylon,1
babtyerry,1
iwtnayts,1
ertos,1
salestockfashion,1
zpro,1
urwlavub,1
jicama,1
tuniik,1
liat,1
zm,1
irene,1
lzd,1
surya,1
uwztnjnk,1
camelia,1
motorolla,1
cord,1
tunikterbaru,1
aplikator,1
fashionshop,1
guru,1
glosy,1
regular,1
mpoctsfp,1
deisha,1
bljbpgel,1
bajutshirt,1
luxi,1
nhwqkzlm,1
macndste,1
jpmdplap,1
piih,1
striking,1
eyeshadowd,1
sella,1
kenz,1
kartika,1
colosal,1
dapat,1
yukoto,1
vaumneeg,1
military,1
teksktur,1
uc,1
moerah,1
teh,1
sorkromc,1
zavina,1
qimzrqfa,1
adventure,1
marron,1
uhbyjywc,1
ejekhbhg,1
serbuk,1
nandastyle,1
heo,1
siul,1
heefshdx,1
permanent,1
barang,1
modem,1
nadine,1
eastwood,1
chabishop,1
socket,1
pv,1
jupiter,1
urzptosb,1
mercier,1
zekl,1
philips,1
styles,1
wileyfox,1
hycon,1
nikita,1
tunics,1
clo,1
giok,1
tear,1
dh,1
domba,1
tissue,1
kalung,1
ajbtardw,1
nanda,1
bjn,1
ericsson,1
luckfashion,1
wpelvzml,1
cutex,1
svl,1
kakde,1
resistance,1
dusky,1
hv,1
evercos,1
shrilmhp,1
cirebonan,1
glowing,1
lipliner,1
scorpio,1
nbqvtrfh,1
basilica,1
efektif,1
iriana,1
pisces,1
imskrplg,1
sragaman,1
cgrvghqe,1
raga,1
mhvdocjc,1
krlmewce,1
stiletto,1
tms,1
aple,1
hvc,1
playsuit,1
nancy,1
amber,1
sandika,1
jollie,1
lq,1
wayang,1
yasmina,1
jovisa,1
lima,1
ekstrada,1
sepcial,1
jenner,1
kristina,1
spc,1
xzs,1
nino,1
fibers,1
inna,1
ohio,1
aspen,1
ammar,1
wfbulgfl,1
aquarius,1
juta,1
ifxgutoz,1
ginza,1
nayna,1
mukena,1
tl,1
graphite,1
benjol,1
crul,1
frendy,1
deligh,1
fodu,1
etawa,1
iqktafri,1
sinta,1
maharani,1
qvga,1
bluethoot,1
gh,1
hokane,1
kencang,1
dx,1
ly,1
aehmsuue,1
ask,1
kalender,1
check,1
symbian,1
trigona,1
faradisa,1
sabun,1
treen,1
iclodujg,1
vivaa,1
girls,1
skincare,1
amita,1
tampa,1
deve,1
abjad,1
kupluk,1
semata,1
insana,1
uvw,1
blaupunkt,1
granita,1
lemonblue,1
kuncir,1
remple,1
mcgrath,1
tmfrzdju,1
fre,1
nyeri,1
ananda,1
efek,1
tampi,1
inches,1
chgmvycz,1
iemekxfh,1
yvqablkn,1
mu,1
shedoes,1
wollpeach,1
deysi,1
overal,1
havika,1
raut,1
thalita,1
meg,1
hamil,1
berlian,1
wn,1
josa,1
chejoqys,1
ket,1
zenobia,1
hundred,1
serah,1
sadira,1
ctfashion,1
jagad,1
excluxive,1
fade,1
kfxoedyy,1
kids,1
pkxqcvvw,1
optimus,1
mil,1
jm,1
unlonck,1
subur,1
iluminator,1
blessingshop,1
rantai,1
cloud,1
poolish,1
hbvgzwrg,1
pria,1
basik,1
kid,1
amaryiis,1
tidak,1
domani,1
utama,1
mobil,1
siva,1
mdr,1
zizi,1
magnetic,1
shopp,1
wayerproof,1
hyphone,1
mulut,1
kevhplkn,1
video,1
lita,1
maksara,1
kallyana,1
wong,1
saskia,1
toraja,1
macan,1
lashlift,1
metal,1
sgbdwdef,1
fondation,1
mbnvqpyj,1
pat,1
comesshop,1
lauren,1
mvyuicvj,1
icumtauh,1
volte,1
kms,1
chany,1
donela,1
ardah,1
raisa,1
colourbox,1
ngaret,1
pak,1
sumptous,1
playbooy,1
highligt,1
finishing,1
meong,1
whuqfaia,1
circles,1
polyster,1
lasplash,1
lampu,1
excessive,1
sekar,1
sanur,1
mycollection,1
gmr,1
food,1
rossana,1
ferlove,1
kaf,1
dona,1
slc,1
toplyshop,1
wilo,1
texture,1
wearingklamby,1
appolo,1
superr,1
streetch,1
hany,1
wcszvphh,1
gita,1
fashiontigue,1
xycsifer,1
packing,1
nyamancod,1
gnyghmcg,1
chelsie,1
uozpgkbf,1
triangle,1
weekeight,1
mexovnlw,1
gm,1
proton,1
amor,1
banting,1
bnk,1
wilin,1
bath,1
berkwalitas,1
terlalu,1
parseus,1
bsogtkpl,1
norah,1
fun,1
nongchat,1
retina,1
victoria,1
akila,1
speachless,1
lb,1
atm,1
vol,1
wispies,1
quqlity,1
